Date,Type,Link
4/4/2021 16:12,LIKE,https://www.linkedin.com/feed/update/codecode%6%
4/4/2021 16:06,LIKE,https://www.linkedin.com/feed/update/codecode%6%
4/3/2021 18:48,LIKE,https://www.linkedin.com/feed/update/codecode%6%
4/3/2021 18:46,LIKE,https://www.linkedin.com/feed/update/codecode%6%
4/1/2021 17:22,LIKE,https://www.linkedin.com/feed/update/codecode%6%
4/1/2021 15:10,LIKE,https://www.linkedin.com/feed/update/codecode%6%
3/31/2021 17:37,LIKE,https://www.linkedin.com/feed/update/codecode%6%
3/31/2021 17:28,LIKE,https://www.linkedin.com/feed/update/codecode%6%
3/31/2021 17:27,LIKE,https://www.linkedin.com/feed/update/codecode%6%
3/31/2021 17:27,LIKE,https://www.linkedin.com/feed/update/codecode%6%
3/31/2021 16:35,LIKE,https://www.linkedin.com/feed/update/codecode%6%
3/30/2021 3:45,LIKE,https://www.linkedin.com/feed/update/codecode%6%
3/29/2021 18:07,LIKE,https://www.linkedin.com/feed/update/codecode%6%
3/29/2021 15:36,LIKE,https://www.linkedin.com/feed/update/codecode%6%
3/28/2021 21:16,LIKE,https://www.linkedin.com/feed/update/codecode%6%
3/28/2021 18:58,LIKE,https://www.linkedin.com/feed/update/codecode%6%
3/28/2021 18:51,LIKE,https://www.linkedin.com/feed/update/codecode%6%
3/28/2021 18:21,LIKE,https://www.linkedin.com/feed/update/codecode%6%
3/28/2021 17:39,LIKE,https://www.linkedin.com/feed/update/codecode%6%
3/28/2021 16:57,LIKE,https://www.linkedin.com/feed/update/codecode%6%
3/24/2021 17:36,LIKE,https://www.linkedin.com/feed/update/codecode%6%
3/23/2021 17:05,LIKE,https://www.linkedin.com/feed/update/codecode%6%
3/22/2021 19:16,LIKE,https://www.linkedin.com/feed/update/codecode%6%
3/22/2021 15:13,LIKE,https://www.linkedin.com/feed/update/codecode%6%
3/21/2021 14:58,LIKE,https://www.linkedin.com/feed/update/codecode%6%
3/21/2021 14:58,LIKE,https://www.linkedin.com/feed/update/codecode%6%
3/21/2021 12:49,LIKE,https://www.linkedin.com/feed/update/codecode%6%
3/19/2021 12:25,LIKE,https://www.linkedin.com/feed/update/codecode%6%
3/14/2021 20:52,LIKE,https://www.linkedin.com/feed/update/codecode%6%
3/13/2021 20:41,LIKE,https://www.linkedin.com/feed/update/codecode%6%
3/13/2021 20:40,LIKE,https://www.linkedin.com/feed/update/codecode%6%
3/13/2021 20:39,LIKE,https://www.linkedin.com/feed/update/codecode%6%
3/13/2021 16:13,LIKE,https://www.linkedin.com/feed/update/codecode%6%
3/11/2021 12:45,LIKE,https://www.linkedin.com/feed/update/codecode%6%
3/11/2021 12:44,LIKE,https://www.linkedin.com/feed/update/codecode%6%
3/10/2021 16:56,LIKE,https://www.linkedin.com/feed/update/codecode%6%
3/10/2021 16:33,LIKE,https://www.linkedin.com/feed/update/codecode%6%
3/9/2021 23:57,LIKE,https://www.linkedin.com/feed/update/codecode%6%
3/9/2021 23:57,LIKE,https://www.linkedin.com/feed/update/codecode%6%
3/9/2021 19:35,LIKE,https://www.linkedin.com/feed/update/codecode%6%
3/9/2021 17:44,LIKE,https://www.linkedin.com/feed/update/codecode%6%
3/6/2021 13:57,LIKE,https://www.linkedin.com/feed/update/codecode%6%
3/2/2021 2:31,LIKE,https://www.linkedin.com/feed/update/codecode%6%
2/25/2021 14:55,LIKE,https://www.linkedin.com/feed/update/codecode%6%
2/23/2021 16:38,LIKE,https://www.linkedin.com/feed/update/codecode%6%
2/23/2021 16:37,LIKE,https://www.linkedin.com/feed/update/codecode%6%
2/16/2021 18:53,LIKE,https://www.linkedin.com/feed/update/codecode%6%
2/15/2021 16:37,LIKE,https://www.linkedin.com/feed/update/codecode%6%
2/15/2021 15:45,LIKE,https://www.linkedin.com/feed/update/codecode%6%
2/15/2021 15:45,LIKE,https://www.linkedin.com/feed/update/codecode%6%
2/13/2021 13:27,LIKE,https://www.linkedin.com/feed/update/codecode%6%
2/12/2021 14:13,LIKE,https://www.linkedin.com/feed/update/codecode%6%
2/9/2021 11:58,LIKE,https://www.linkedin.com/feed/update/codecode%6%
2/9/2021 0:20,LIKE,https://www.linkedin.com/feed/update/codecode%6%
2/9/2021 0:19,LIKE,https://www.linkedin.com/feed/update/codecode%6%
2/8/2021 14:06,LIKE,https://www.linkedin.com/feed/update/codecode%6%
2/2/2021 22:16,LIKE,https://www.linkedin.com/feed/update/codecode%6%
1/29/2021 14:10,LIKE,https://www.linkedin.com/feed/update/codecode%6%
1/29/2021 5:51,LIKE,https://www.linkedin.com/feed/update/codecode%6%
1/26/2021 12:43,LIKE,https://www.linkedin.com/feed/update/codecode%6%
1/26/2021 12:42,LIKE,https://www.linkedin.com/feed/update/codecode%6%
1/24/2021 13:25,LIKE,https://www.linkedin.com/feed/update/codecode%6%
1/21/2021 14:04,LIKE,https://www.linkedin.com/feed/update/codecode%6%
1/15/2021 19:38,LIKE,https://www.linkedin.com/feed/update/codecode%6%
1/14/2021 18:32,LIKE,https://www.linkedin.com/feed/update/codecode%6%
1/14/2021 18:31,LIKE,https://www.linkedin.com/feed/update/codecode%6%
1/14/2021 12:01,LIKE,https://www.linkedin.com/feed/update/codecode%6%
1/14/2021 11:59,LIKE,https://www.linkedin.com/feed/update/codecode%6%
1/4/2021 16:42,LIKE,https://www.linkedin.com/feed/update/codecode%6%
12/31/2020 18:44,LIKE,https://www.linkedin.com/feed/update/codecode%6%
12/24/2020 20:12,LIKE,https://www.linkedin.com/feed/update/codecode%6%
12/11/2020 23:20,LIKE,https://www.linkedin.com/feed/update/codecode%6%
12/3/2020 18:36,LIKE,https://www.linkedin.com/feed/update/codecode%6%
12/3/2020 18:36,LIKE,https://www.linkedin.com/feed/update/codecode%6%
12/3/2020 3:07,LIKE,https://www.linkedin.com/feed/update/codecode%6%
12/3/2020 2:46,LIKE,https://www.linkedin.com/feed/update/codecode%6%
12/2/2020 21:41,LIKE,https://www.linkedin.com/feed/update/codecode%6%
12/2/2020 20:24,LIKE,https://www.linkedin.com/feed/update/codecode%6%
12/2/2020 1:42,LIKE,https://www.linkedin.com/feed/update/codecode%6%
12/1/2020 5:23,LIKE,https://www.linkedin.com/feed/update/codecode%6%
11/23/2020 18:49,LIKE,https://www.linkedin.com/feed/update/codecode%6%
11/17/2020 19:24,LIKE,https://www.linkedin.com/feed/update/codecode%6%
11/12/2020 23:07,LIKE,https://www.linkedin.com/feed/update/codecode%6%
11/11/2020 17:33,LIKE,https://www.linkedin.com/feed/update/codecode%6%
11/9/2020 3:09,EMPATHY,https://www.linkedin.com/feed/update/codecode%6%
11/6/2020 1:03,LIKE,https://www.linkedin.com/feed/update/codecode%6%
10/30/2020 17:01,LIKE,https://www.linkedin.com/feed/update/codecode%6%
10/30/2020 2:13,LIKE,https://www.linkedin.com/feed/update/codecode%6%
10/29/2020 17:20,LIKE,https://www.linkedin.com/feed/update/codecode%6%
10/28/2020 18:05,PRAISE,https://www.linkedin.com/feed/update/codecode%6%
10/27/2020 19:29,LIKE,https://www.linkedin.com/feed/update/codecode%6%
10/27/2020 13:58,LIKE,https://www.linkedin.com/feed/update/codecode%6%
10/27/2020 13:58,LIKE,https://www.linkedin.com/feed/update/codecode%6%
10/27/2020 13:58,LIKE,https://www.linkedin.com/feed/update/codecode%6%
10/27/2020 13:52,LIKE,https://www.linkedin.com/feed/update/codecode%6%
10/27/2020 11:53,LIKE,https://www.linkedin.com/feed/update/codecode%6%
10/20/2020 12:05,LIKE,https://www.linkedin.com/feed/update/codecode%6%
10/19/2020 18:06,LIKE,https://www.linkedin.com/feed/update/codecode%6%
10/15/2020 22:06,LIKE,https://www.linkedin.com/feed/update/codecode%6%
10/15/2020 22:06,LIKE,https://www.linkedin.com/feed/update/codecode%6%
10/12/2020 15:10,LIKE,https://www.linkedin.com/feed/update/codecode%6%
10/11/2020 22:39,LIKE,https://www.linkedin.com/feed/update/codecode%6%
10/11/2020 18:39,LIKE,https://www.linkedin.com/feed/update/codecode%6%
10/10/2020 13:56,LIKE,https://www.linkedin.com/feed/update/codecode%6%
10/10/2020 13:55,LIKE,https://www.linkedin.com/feed/update/codecode%6%
10/10/2020 12:25,LIKE,https://www.linkedin.com/feed/update/codecode%6%
10/7/2020 2:28,LIKE,https://www.linkedin.com/feed/update/codecode%6%
10/5/2020 19:44,LIKE,https://www.linkedin.com/feed/update/codecode%6%
9/24/2020 3:38,LIKE,https://www.linkedin.com/feed/update/codecode%6%
9/24/2020 1:27,LIKE,https://www.linkedin.com/feed/update/codecode%6%
9/22/2020 16:28,LIKE,https://www.linkedin.com/feed/update/codecode%6%
9/22/2020 2:39,LIKE,https://www.linkedin.com/feed/update/codecode%6%
9/17/2020 20:43,LIKE,https://www.linkedin.com/feed/update/codecode%6%
9/16/2020 17:27,LIKE,https://www.linkedin.com/feed/update/codecode%6%
9/16/2020 15:56,LIKE,https://www.linkedin.com/feed/update/codecode%6%
9/16/2020 15:56,LIKE,https://www.linkedin.com/feed/update/codecode%6%
9/9/2020 21:00,LIKE,https://www.linkedin.com/feed/update/codecode%6%
9/6/2020 12:10,LIKE,https://www.linkedin.com/feed/update/codecode%6%
8/31/2020 21:17,LIKE,https://www.linkedin.com/feed/update/codecode%6%
8/31/2020 5:24,LIKE,https://www.linkedin.com/feed/update/codecode%6%
8/27/2020 20:07,LIKE,https://www.linkedin.com/feed/update/codecode%6%
8/26/2020 14:57,LIKE,https://www.linkedin.com/feed/update/codecode%6%
8/23/2020 14:52,LIKE,https://www.linkedin.com/feed/update/codecode%6%
8/23/2020 13:56,EMPATHY,https://www.linkedin.com/feed/update/codecode%6%
8/22/2020 15:43,LIKE,https://www.linkedin.com/feed/update/codecode%6%
8/17/2020 14:39,LIKE,https://www.linkedin.com/feed/update/codecode%6%
8/12/2020 3:03,LIKE,https://www.linkedin.com/feed/update/codecode%6%
8/5/2020 13:03,LIKE,https://www.linkedin.com/feed/update/codecode%6%
8/3/2020 23:42,LIKE,https://www.linkedin.com/feed/update/codecode%6%
8/3/2020 15:37,LIKE,https://www.linkedin.com/feed/update/codecode%6%
7/28/2020 23:14,LIKE,https://www.linkedin.com/feed/update/codecode%6%
7/28/2020 18:23,LIKE,https://www.linkedin.com/feed/update/codecode%6%
7/25/2020 19:49,EMPATHY,https://www.linkedin.com/feed/update/codecode%6%
7/24/2020 22:35,LIKE,https://www.linkedin.com/feed/update/codecode%6%
7/24/2020 22:35,LIKE,https://www.linkedin.com/feed/update/codecode%6%
7/20/2020 15:29,LIKE,https://www.linkedin.com/feed/update/codecode%6%
7/20/2020 13:27,LIKE,https://www.linkedin.com/feed/update/codecode%6%
7/10/2020 22:29,LIKE,https://www.linkedin.com/feed/update/codecode%6%
7/5/2020 0:23,LIKE,https://www.linkedin.com/feed/update/codecode%6%
6/26/2020 2:30,LIKE,https://www.linkedin.com/feed/update/codecode%6%
6/23/2020 22:00,LIKE,https://www.linkedin.com/feed/update/codecode%6%
6/15/2020 17:47,EMPATHY,https://www.linkedin.com/feed/update/codecode%6%
6/4/2020 15:54,LIKE,https://www.linkedin.com/feed/update/codecode%6%
6/3/2020 21:14,LIKE,https://www.linkedin.com/feed/update/codecode%6%
5/31/2020 23:35,LIKE,https://www.linkedin.com/feed/update/codecode%6%
5/23/2020 15:54,LIKE,https://www.linkedin.com/feed/update/codecode%6%
5/20/2020 14:31,LIKE,https://www.linkedin.com/feed/update/codecode%6%
5/20/2020 14:30,LIKE,https://www.linkedin.com/feed/update/codecode%6%
5/13/2020 20:05,LIKE,https://www.linkedin.com/feed/update/codecode%6%
4/30/2020 0:51,LIKE,https://www.linkedin.com/feed/update/codecode%6%
4/12/2020 1:47,EMPATHY,https://www.linkedin.com/feed/update/codecode%6%
4/2/2020 18:51,LIKE,https://www.linkedin.com/feed/update/codecode%6%
3/7/2020 20:31,LIKE,https://www.linkedin.com/feed/update/codecode%6%
2/19/2020 18:51,LIKE,https://www.linkedin.com/feed/update/codecode%6%
2/19/2020 15:41,LIKE,https://www.linkedin.com/feed/update/codecode%6%
2/19/2020 14:13,LIKE,https://www.linkedin.com/feed/update/codecode%6%
2/19/2020 14:09,LIKE,https://www.linkedin.com/feed/update/codecode%6%
2/19/2020 4:52,LIKE,https://www.linkedin.com/feed/update/codecode%6%
2/12/2020 15:37,LIKE,https://www.linkedin.com/feed/update/codecode%6%
2/7/2020 19:03,LIKE,https://www.linkedin.com/feed/update/codecode%6%
2/7/2020 19:00,LIKE,https://www.linkedin.com/feed/update/codecode%6%
9/17/2019 23:23,LIKE,https://www.linkedin.com/feed/update/codecode%6%
9/17/2019 23:22,LIKE,https://www.linkedin.com/feed/update/codecode%6%
6/10/2019 16:31,LIKE,https://www.linkedin.com/feed/update/codecode%6%
5/20/2017 22:17,LIKE,https://www.linkedin.com/feed/update/codecode%6%
7/24/2016 0:42,LIKE,https://www.linkedin.com/feed/update/codecode%6%
6/6/2016 18:30,LIKE,https://www.linkedin.com/feed/update/codecode%6%
1/31/2016 0:35,LIKE,https://www.linkedin.com/feed/update/codecode%6%
8/12/2015 18:40,LIKE,https://www.linkedin.com/feed/update/codecode%6%
5/5/2015 23:59,LIKE,https://www.linkedin.com/feed/update/codecode%6%
4/21/2015 3:06,LIKE,https://www.linkedin.com/feed/update/codecode%6%
